"object_name","filename","lineno","listlabel"
eth_parse,C:\Users\Alen Chen\NFP_SDK\sFlow-offload\sFlow_parser.p4,509,pif_parrep_state_eth_parse
parse_sflow_counter,C:\Users\Alen Chen\NFP_SDK\sFlow-offload\sFlow_parser.p4,569,pif_parrep_state_parse_sflow_counter
parse_udp,C:\Users\Alen Chen\NFP_SDK\sFlow-offload\sFlow_parser.p4,533,pif_parrep_state_parse_udp
parse_sflow_header,C:\Users\Alen Chen\NFP_SDK\sFlow-offload\sFlow_parser.p4,546,pif_parrep_state_parse_sflow_header
parse_sflow_counter_2,C:\Users\Alen Chen\NFP_SDK\sFlow-offload\sFlow_parser.p4,580,pif_parrep_state_parse_sflow_counter_2
start,C:\Users\Alen Chen\NFP_SDK\sFlow-offload\sFlow_parser.p4,504,pif_parrep_state_start
parse_sflow_sample_2,C:\Users\Alen Chen\NFP_SDK\sFlow-offload\sFlow_parser.p4,597,pif_parrep_state_parse_sflow_sample_2
parse_sflow_sample_header,C:\Users\Alen Chen\NFP_SDK\sFlow-offload\sFlow_parser.p4,558,pif_parrep_state_parse_sflow_sample_header
parse_sflow_sample,C:\Users\Alen Chen\NFP_SDK\sFlow-offload\sFlow_parser.p4,586,pif_parrep_state_parse_sflow_sample
parse_ipv4,C:\Users\Alen Chen\NFP_SDK\sFlow-offload\sFlow_parser.p4,521,pif_parrep_state_parse_ipv4
_condition_6,C:\Users\Alen Chen\NFP_SDK\sFlow-offload\sFlow_parser.p4,0,pif_ctlflow_state_ingress_flow__condition_6
_condition_5,C:\Users\Alen Chen\NFP_SDK\sFlow-offload\sFlow_parser.p4,837,pif_ctlflow_state_ingress_flow__condition_5
_condition_3,C:\Users\Alen Chen\NFP_SDK\sFlow-offload\sFlow_parser.p4,831,pif_ctlflow_state_ingress_flow__condition_3
_condition_2,C:\Users\Alen Chen\NFP_SDK\sFlow-offload\sFlow_parser.p4,0,pif_ctlflow_state_ingress_flow__condition_2
_condition_1,C:\Users\Alen Chen\NFP_SDK\sFlow-offload\sFlow_parser.p4,824,pif_ctlflow_state_ingress_flow__condition_1
_condition_0,C:\Users\Alen Chen\NFP_SDK\sFlow-offload\sFlow_parser.p4,0,pif_ctlflow_state_ingress_flow__condition_0
_condition_4,C:\Users\Alen Chen\NFP_SDK\sFlow-offload\sFlow_parser.p4,0,pif_ctlflow_state_ingress_flow__condition_4
no_record_flow1,C:\Users\Alen Chen\NFP_SDK\sFlow-offload\sFlow_parser.p4,727,pif_ctlflow_state_ingress_flow_no_record_flow1
no_record_flow2,C:\Users\Alen Chen\NFP_SDK\sFlow-offload\sFlow_parser.p4,741,pif_ctlflow_state_ingress_flow_no_record_flow2
in_tbl2,C:\Users\Alen Chen\NFP_SDK\sFlow-offload\sFlow_parser.p4,780,pif_ctlflow_state_ingress_flow_in_tbl2
record_flow2,C:\Users\Alen Chen\NFP_SDK\sFlow-offload\sFlow_parser.p4,767,pif_ctlflow_state_ingress_flow_record_flow2
record_flow1,C:\Users\Alen Chen\NFP_SDK\sFlow-offload\sFlow_parser.p4,754,pif_ctlflow_state_ingress_flow_record_flow1
nor_tbl,C:\Users\Alen Chen\NFP_SDK\sFlow-offload\sFlow_parser.p4,794,pif_ctlflow_state_ingress_flow_nor_tbl
_condition_7,None,None,pif_ctlflow_state_egress_flow__condition_7
_condition_10,None,None,pif_ctlflow_state_egress_flow__condition_10
_condition_9,None,None,pif_ctlflow_state_egress_flow__condition_9
_condition_8,None,None,pif_ctlflow_state_egress_flow__condition_8
t_do_frecirculate,C:\Users\Alen Chen\NFP_SDK\sFlow-offload\sFlow_parser.p4,811,pif_ctlflow_state_egress_flow_t_do_frecirculate
t_do_recirculate,C:\Users\Alen Chen\NFP_SDK\sFlow-offload\sFlow_parser.p4,807,pif_ctlflow_state_egress_flow_t_do_recirculate
num_decrement,C:\Users\Alen Chen\NFP_SDK\sFlow-offload\sFlow_parser.p4,686,pif_action_state_num_decrement
need_recirculate,C:\Users\Alen Chen\NFP_SDK\sFlow-offload\sFlow_parser.p4,657,pif_action_state_need_recirculate
do_recirculate,C:\Users\Alen Chen\NFP_SDK\sFlow-offload\sFlow_parser.p4,678,pif_action_state_do_recirculate
frecord2nd,C:\Users\Alen Chen\NFP_SDK\sFlow-offload\sFlow_parser.p4,622,pif_action_state_frecord2nd
drop_act,C:\Users\Alen Chen\NFP_SDK\sFlow-offload\sFlow_parser.p4,607,pif_action_state_drop_act
counter_record2,C:\Users\Alen Chen\NFP_SDK\sFlow-offload\sFlow_parser.p4,649,pif_action_state_counter_record2
stop_recirculate2,C:\Users\Alen Chen\NFP_SDK\sFlow-offload\sFlow_parser.p4,665,pif_action_state_stop_recirculate2
stop_recirculate1,C:\Users\Alen Chen\NFP_SDK\sFlow-offload\sFlow_parser.p4,672,pif_action_state_stop_recirculate1
record_flow2,C:\Users\Alen Chen\NFP_SDK\sFlow-offload\sFlow_parser.p4,697,pif_action_state_record_flow2
stop_flow1,C:\Users\Alen Chen\NFP_SDK\sFlow-offload\sFlow_parser.p4,703,pif_action_state_stop_flow1
record_flow1,C:\Users\Alen Chen\NFP_SDK\sFlow-offload\sFlow_parser.p4,691,pif_action_state_record_flow1
forward,C:\Users\Alen Chen\NFP_SDK\sFlow-offload\sFlow_parser.p4,635,pif_action_state_forward
stop_flow2,C:\Users\Alen Chen\NFP_SDK\sFlow-offload\sFlow_parser.p4,709,pif_action_state_stop_flow2
fdo_recirculate,C:\Users\Alen Chen\NFP_SDK\sFlow-offload\sFlow_parser.p4,715,pif_action_state_fdo_recirculate
frecord1st,C:\Users\Alen Chen\NFP_SDK\sFlow-offload\sFlow_parser.p4,612,pif_action_state_frecord1st
counter_record,C:\Users\Alen Chen\NFP_SDK\sFlow-offload\sFlow_parser.p4,641,pif_action_state_counter_record
